package,version_count,versions,services,files
fastapi,2,"0.136.3, 0.141.1","0.136.3=>actuator-service,agriai-engine,ai_agronomist,auth,decision-service,edge-inference,field-management-service,field-segmentation,guardrails-engine,indicators-service,knowledge-graph,local-ai-rag,mcp_servers,odoo-bridge,rag-retrieval,raster-service,sahool-platform,sam2-inference,scout-ingest-service,soil-service,supervisor-agent,tts-service,vegetation-analysis-service,video-processor,weather-service; 0.141.1=>raster-tiler-service",services/actuator-service/requirements.txt:1; services/agriai-engine/requirements.txt:1; services/ai_agronomist/requirements.txt:1; services/auth/requirements.txt:1; services/decision-service/requirements.txt:5; services/edge-inference/requirements.txt:1; services/field-management-service/requirements.txt:5; services/field-segmentation/requirements.txt:4; services/guardrails-engine/requirements.txt:1; services/indicators-service/requirements.txt:4; services/knowledge-graph/requirements.txt:1; services/local-ai-rag/requirements.txt:1; services/mcp_servers/requirements.txt:1; services/odoo-bridge/requirements.txt:1; services/rag-retrieval/requirements.txt:1; services/raster-service/requirements.txt:1; services/raster-tiler-service/requirements.txt:16; services/sahool-platform/api/requirements.txt:6; services/sam2-inference/requirements.txt:11; services/scout-ingest-service/requirements.txt:4; services/soil-service/requirements.txt:1; services/supervisor-agent/requirements.txt:1; services/tts-service/requirements.txt:2; services/vegetation-analysis-service/requirements.txt:1; services/video-processor/requirements.txt:1; services/weather-service/requirements.txt:1
httpx,2,"0.27.0, 0.28.1","0.27.0=>field-segmentation,sam2-inference; 0.28.1=>ai_agronomist,decision-service,indicators-service,raster-tiler-service,weather-service",services/ai_agronomist/requirements.txt:4; services/decision-service/requirements.txt:7; services/field-segmentation/requirements.txt:6; services/indicators-service/requirements.txt:7; services/raster-tiler-service/requirements.txt:21; services/sam2-inference/requirements.txt:14; services/weather-service/requirements.txt:3
numpy,2,"1.26.4, 2.5.3","1.26.4=>sahool-platform,sam2-inference; 2.5.3=>raster-tiler-service",services/raster-tiler-service/requirements.txt:27; services/sahool-platform/api/requirements.txt:19; services/sam2-inference/requirements.txt:19
pydantic,2,"2.13.4, 2.13.5","2.13.4=>actuator-service,agriai-engine,ai_agronomist,auth,decision-service,edge-inference,field-segmentation,guardrails-engine,knowledge-graph,local-ai-rag,mcp_servers,odoo-bridge,rag-retrieval,raster-service,sahool-platform,sam2-inference,scout-ingest-service,soil-service,supervisor-agent,tts-service,vegetation-analysis-service,video-processor,weather-service; 2.13.5=>raster-tiler-service",services/actuator-service/requirements.txt:3; services/agriai-engine/requirements.txt:8; services/ai_agronomist/requirements.txt:3; services/auth/requirements.txt:8; services/decision-service/requirements.txt:8; services/edge-inference/requirements.txt:3; services/field-segmentation/requirements.txt:7; services/guardrails-engine/requirements.txt:3; services/knowledge-graph/requirements.txt:3; services/local-ai-rag/requirements.txt:3; services/mcp_servers/requirements.txt:3; services/odoo-bridge/requirements.txt:3; services/rag-retrieval/requirements.txt:3; services/raster-service/requirements.txt:3; services/raster-tiler-service/requirements.txt:28; services/sahool-platform/api/requirements.txt:8; services/sam2-inference/requirements.txt:13; services/scout-ingest-service/requirements.txt:8; services/soil-service/requirements.txt:5; services/supervisor-agent/requirements.txt:3; services/tts-service/requirements.txt:7; services/vegetation-analysis-service/requirements.txt:5; services/video-processor/requirements.txt:3; services/weather-service/requirements.txt:4
pyyaml,2,"6.0.2, 6.0.3","6.0.2=>raster-service,sahool-platform; 6.0.3=>raster-tiler-service",services/raster-service/requirements.txt:7; services/raster-tiler-service/requirements.txt:59; services/sahool-platform/api/requirements.txt:24
rasterio,2,"1.3.10, 1.5.1",1.3.10=>sam2-inference; 1.5.1=>raster-tiler-service,services/raster-tiler-service/requirements.txt:60; services/sam2-inference/requirements.txt:17
redis,2,"5.2.1, 5.3.1","5.2.1=>field-management-service; 5.3.1=>ai_agronomist,raster-service,sahool-platform,weather-service",services/ai_agronomist/requirements.txt:6; services/field-management-service/requirements.txt:8; services/raster-service/requirements.txt:11; services/sahool-platform/api/requirements.txt:26; services/weather-service/requirements.txt:6
shapely,2,"2.0.6, 2.1.2","2.0.6=>sahool-platform,sam2-inference; 2.1.2=>raster-tiler-service",services/raster-tiler-service/requirements.txt:64; services/sahool-platform/api/requirements.txt:30; services/sam2-inference/requirements.txt:18
uvicorn,3,"0.30.6, 0.34.0, 0.52.4","0.30.6=>actuator-service,agriai-engine,ai_agronomist,auth,edge-inference,field-management-service,field-segmentation,guardrails-engine,indicators-service,knowledge-graph,local-ai-rag,mcp_servers,odoo-bridge,rag-retrieval,raster-service,sahool-platform,sam2-inference,scout-ingest-service,soil-service,supervisor-agent,tts-service,vegetation-analysis-service,video-processor,weather-service; 0.34.0=>decision-service; 0.52.4=>raster-tiler-service",services/actuator-service/requirements.txt:2; services/agriai-engine/requirements.txt:2; services/ai_agronomist/requirements.txt:2; services/auth/requirements.txt:2; services/decision-service/requirements.txt:6; services/edge-inference/requirements.txt:2; services/field-management-service/requirements.txt:6; services/field-segmentation/requirements.txt:5; services/guardrails-engine/requirements.txt:2; services/indicators-service/requirements.txt:5; services/knowledge-graph/requirements.txt:2; services/local-ai-rag/requirements.txt:2; services/mcp_servers/requirements.txt:2; services/odoo-bridge/requirements.txt:2; services/rag-retrieval/requirements.txt:2; services/raster-service/requirements.txt:2; services/raster-tiler-service/requirements.txt:76; services/sahool-platform/api/requirements.txt:7; services/sam2-inference/requirements.txt:12; services/scout-ingest-service/requirements.txt:5; services/soil-service/requirements.txt:2; services/supervisor-agent/requirements.txt:2; services/tts-service/requirements.txt:3; services/vegetation-analysis-service/requirements.txt:2; services/video-processor/requirements.txt:2; services/weather-service/requirements.txt:2
