source,target,kind,evidence
actuator-service,decision-service,code-reference,services/actuator-service/actuator_runtime.py
actuator-service,fastbee,compose-depends-on,docker-compose.light.yml
actuator-service,fastbee,compose-depends-on,docker-compose.unified.yml
actuator-service,postgis,compose-depends-on,docker-compose.light.yml
actuator-service,postgis,compose-depends-on,docker-compose.unified.yml
actuator-service,redis,code-reference,services/actuator-service/actuator_runtime.py
actuator-service,redis,compose-depends-on,docker-compose.light.yml
actuator-service,redis,compose-depends-on,docker-compose.unified.yml
agriai-engine,postgis,compose-depends-on,docker-compose.unified.yml
agriai-engine,soil-service,code-reference,services/agriai-engine/agronomic_context.py
ai-agronomist,guardrails,code-reference,services/ai_agronomist/main.py
ai-agronomist,knowledge-graph,code-reference,services/ai_agronomist/ai_evidence_runtime.py
ai-agronomist,knowledge-graph,code-reference,services/ai_agronomist/main.py
ai-agronomist,platform,code-reference,services/ai_agronomist/ai_evidence_runtime.py
ai-agronomist,redis,code-reference,services/ai_agronomist/agent_stores.py
auth,frontend,code-reference,services/auth/main.py
auth,frontend,code-reference,services/auth/routers/tenants.py
auth,redis,code-reference,services/auth/main.py
auth-service,postgis,compose-depends-on,docker-compose.light.yml
auth-service,postgis,compose-depends-on,docker-compose.unified.yml
auth-service,redis,compose-depends-on,docker-compose.light.yml
auth-service,redis,compose-depends-on,docker-compose.unified.yml
decision-service,redis,code-reference,services/decision-service/main.py
decision-service,soil-service,code-reference,services/decision-service/agronomic_context/point_in_time.py
decision-service,soil-service,code-reference,services/decision-service/main.py
erp-bridge,auth-service,compose-depends-on,docker-compose.unified.yml
erp-bridge,postgis,compose-depends-on,docker-compose.unified.yml
erpnext-backend,erpnext-create-site,compose-depends-on,docker-compose.erpnext.yml
erpnext-configurator,erpnext-db,compose-depends-on,docker-compose.erpnext.yml
erpnext-configurator,erpnext-redis-cache,compose-depends-on,docker-compose.erpnext.yml
erpnext-configurator,erpnext-redis-queue,compose-depends-on,docker-compose.erpnext.yml
erpnext-create-site,erpnext-configurator,compose-depends-on,docker-compose.erpnext.yml
erpnext-frontend,erpnext-backend,compose-depends-on,docker-compose.erpnext.yml
erpnext-frontend,erpnext-websocket,compose-depends-on,docker-compose.erpnext.yml
erpnext-queue-long,erpnext-backend,compose-depends-on,docker-compose.erpnext.yml
erpnext-queue-short,erpnext-backend,compose-depends-on,docker-compose.erpnext.yml
erpnext-scheduler,erpnext-backend,compose-depends-on,docker-compose.erpnext.yml
erpnext-websocket,erpnext-backend,compose-depends-on,docker-compose.erpnext.yml
evidence-migrate,evidence-postgres,compose-depends-on,docker-compose.evidence-lab.yml
fastbee,postgis,compose-depends-on,docker-compose.light.yml
fastbee,postgis,compose-depends-on,docker-compose.unified.yml
field-management-service,redis,code-reference,services/field-management-service/main.py
frontend,auth-service,compose-depends-on,docker-compose.light.yml
frontend,auth-service,compose-depends-on,docker-compose.unified.yml
frontend,supervisor-agent,compose-depends-on,docker-compose.light.yml
frontend,supervisor-agent,compose-depends-on,docker-compose.unified.yml
guardrails,postgis,compose-depends-on,docker-compose.light.yml
guardrails,postgis,compose-depends-on,docker-compose.unified.yml
indicators-service,raster-service,code-reference,services/indicators-service/observation_runtime.py
indicators-service,raster-service,code-reference,services/indicators-service/observation_timeline.py
local-ai-rag,ollama,compose-depends-on,docker-compose.unified.yml
local-ai-rag,qdrant,code-reference,services/local-ai-rag/main.py
local-ai-rag,qdrant,compose-depends-on,docker-compose.unified.yml
local-ai-rag,rag-retrieval,code-reference,services/local-ai-rag/main.py
market-mcp,postgis,compose-depends-on,docker-compose.unified.yml
mcp-servers,erp-bridge,code-reference,services/mcp_servers/market_server.py
mcp-servers,raster-service,code-reference,services/mcp_servers/sentinel_hub_server.py
mcp-servers,weather-service,code-reference,services/mcp_servers/weather_server.py
model-registry-adapter,decision-service,code-reference,services/model-registry-adapter/runtime.py
model-registry-adapter,decision-service,code-reference,services/model-registry-adapter/worker.py
nginx,agriai-engine,compose-depends-on,docker-compose.unified.yml
nginx,auth-service,compose-depends-on,docker-compose.light.yml
nginx,auth-service,compose-depends-on,docker-compose.unified.yml
nginx,erp-bridge,compose-depends-on,docker-compose.unified.yml
nginx,frontend,compose-depends-on,docker-compose.light.yml
nginx,frontend,compose-depends-on,docker-compose.unified.yml
nginx,local-ai-rag,compose-depends-on,docker-compose.unified.yml
nginx,supervisor-agent,compose-depends-on,docker-compose.light.yml
nginx,supervisor-agent,compose-depends-on,docker-compose.unified.yml
platform,decision-service,code-reference,services/sahool-platform/api/decision_service_client.py
platform,decision-service,code-reference,services/sahool-platform/api/irrigation_activation_gate.py
platform,decision-service,code-reference,services/sahool-platform/core/capabilities.py
platform,edge-inference,code-reference,services/sahool-platform/api/routers/service_proxy.py
platform,guardrails,code-reference,services/sahool-platform/api/routers/decision_dispatch.py
platform,guardrails,code-reference,services/sahool-platform/core/decision_dispatch.py
platform,guardrails,code-reference,services/sahool-platform/core/field_intelligence_adapters.py
platform,guardrails,code-reference,services/sahool-platform/core/internal_orchestrator.py
platform,raster-service,code-reference,services/sahool-platform/api/raster_service_client.py
platform,raster-tiler-service,compose-depends-on,docker-compose.v9.yml
platform,redis,code-reference,services/sahool-platform/api/main.py
platform,redis,code-reference,services/sahool-platform/api/routers/weather.py
platform,redis,code-reference,services/sahool-platform/core/capabilities.py
platform,sahool-field-segmentation,compose-depends-on,docker-compose.v9.yml
platform,sahool-migrate,compose-depends-on,docker-compose.fixed.yml
platform,sahool-migrate,compose-depends-on,docker-compose.v9.yml
platform,sahool-nats,code-reference,services/sahool-platform/api/irrigation_dispatch_relay_worker.py
platform,sahool-nats,code-reference,services/sahool-platform/api/phase_runtime_workers.py
platform,sahool-postgres,compose-depends-on,docker-compose.fixed.yml
platform,sahool-postgres,compose-depends-on,docker-compose.v9.yml
platform,sahool-redis,compose-depends-on,docker-compose.fixed.yml
platform,sahool-redis,compose-depends-on,docker-compose.v9.yml
platform,scout-ingest-service,code-reference,services/sahool-platform/api/routers/service_proxy.py
platform,soil-service,code-reference,services/sahool-platform/api/canonical_soil_state.py
platform,soil-service,code-reference,services/sahool-platform/api/routers/service_proxy.py
platform,soil-service,code-reference,services/sahool-platform/api/soil_evidence_bridge.py
platform,soil-service,code-reference,services/sahool-platform/api/soil_hydraulic_client.py
platform,soil-service,code-reference,services/sahool-platform/core/field_intelligence_adapters.py
platform,weather-service,code-reference,services/sahool-platform/api/weather_service_client.py
platform,weather-service,code-reference,services/sahool-platform/core/capabilities.py
platform,weather-service,code-reference,services/sahool-platform/core/field_intelligence_adapters.py
qdrant-seed,qdrant,code-reference,services/qdrant-seed/seed.py
rag-retrieval,qdrant,code-reference,services/rag-retrieval/main.py
raster-service,decision-service,code-reference,services/raster-service/imagery_source_gate.py
raster-service,redis,code-reference,services/raster-service/cache_invalidation_worker.py
raster-service,redis,code-reference,services/raster-service/indicator_batch_claim.py
raster-service,redis,code-reference,services/raster-service/job_store.py
raster-service,redis,code-reference,services/raster-service/layer_cache_events.py
raster-service,redis,code-reference,services/raster-service/raster_main_runtime.py
raster-service,redis,code-reference,services/raster-service/raster_runtime_state.py
raster-service,redis,code-reference,services/raster-service/raster_stac_runtime.py
raster-service,redis,code-reference,services/raster-service/stac_client.py
remote-sensing-workspace-bff,decision-service,code-reference,services/remote-sensing-workspace-bff/main.py
remote-sensing-workspace-bff,indicators-service,code-reference,services/remote-sensing-workspace-bff/main.py
remote-sensing-workspace-bff,platform,code-reference,services/remote-sensing-workspace-bff/main.py
sahool-actuator-dispatch-worker,sahool-migrate,compose-depends-on,docker-compose.v9.yml
sahool-actuator-dispatch-worker,sahool-postgres,compose-depends-on,docker-compose.v9.yml
sahool-actuator-service,sahool-fastbee,compose-depends-on,docker-compose.v9.yml
sahool-actuator-service,sahool-migrate,compose-depends-on,docker-compose.v9.yml
sahool-actuator-service,sahool-postgres,compose-depends-on,docker-compose.fixed.yml
sahool-actuator-service,sahool-postgres,compose-depends-on,docker-compose.v9.yml
sahool-agriai-engine,sahool-edge,compose-depends-on,docker-compose.v9.yml
sahool-agriai-engine,sahool-migrate,compose-depends-on,docker-compose.v9.yml
sahool-agriai-engine,sahool-postgres,compose-depends-on,docker-compose.v9.yml
sahool-agriai-engine,sahool-sentinel-hub-mcp,compose-depends-on,docker-compose.v9.yml
sahool-agriai-engine,sahool-weather-mcp,compose-depends-on,docker-compose.v9.yml
sahool-agriai-engine,sahool-wofost-mcp,compose-depends-on,docker-compose.v9.yml
sahool-ai-agronomist,sahool-guardrails-engine,compose-depends-on,docker-compose.v9.yml
sahool-ai-agronomist,sahool-knowledge-graph,compose-depends-on,docker-compose.v9.yml
sahool-ai-agronomist,sahool-rag-retrieval,compose-depends-on,docker-compose.v9.yml
sahool-ai-agronomist,sahool-redis,compose-depends-on,docker-compose.v9.yml
sahool-auth,sahool-migrate,compose-depends-on,docker-compose.fixed.yml
sahool-auth,sahool-migrate,compose-depends-on,docker-compose.v9.yml
sahool-auth,sahool-postgres,compose-depends-on,docker-compose.fixed.yml
sahool-auth,sahool-postgres,compose-depends-on,docker-compose.v9.yml
sahool-auth,sahool-redis,compose-depends-on,docker-compose.fixed.yml
sahool-auth,sahool-redis,compose-depends-on,docker-compose.v9.yml
sahool-canonical-execution-learning-worker,sahool-migrate,compose-depends-on,docker-compose.v9.yml
sahool-canonical-execution-learning-worker,sahool-nats,compose-depends-on,docker-compose.v9.yml
sahool-canonical-execution-learning-worker,sahool-notification-agent,compose-depends-on,docker-compose.v9.yml
sahool-canonical-execution-learning-worker,sahool-postgres,compose-depends-on,docker-compose.v9.yml
sahool-erp-bridge,sahool-odoo,compose-depends-on,docker-compose.v9.yml
sahool-erp-bridge,sahool-postgres,compose-depends-on,docker-compose.fixed.yml
sahool-erp-bridge,sahool-postgres,compose-depends-on,docker-compose.v9.yml
sahool-field-management,production-preflight,compose-depends-on,docker-compose.production.yml
sahool-field-management,sahool-migrate,compose-depends-on,docker-compose.fixed.yml
sahool-field-management,sahool-migrate,compose-depends-on,docker-compose.v9.yml
sahool-field-management,sahool-postgres,compose-depends-on,docker-compose.fixed.yml
sahool-field-management,sahool-postgres,compose-depends-on,docker-compose.v9.yml
sahool-field-management,sahool-redis,compose-depends-on,docker-compose.v9.yml
sahool-field-segmentation,sahool-sam2-inference,compose-depends-on,docker-compose.v9.gpu.yml
sahool-guardrails-engine,sahool-migrate,compose-depends-on,docker-compose.fixed.yml
sahool-guardrails-engine,sahool-postgres,compose-depends-on,docker-compose.fixed.yml
sahool-guardrails-engine,sahool-postgres,compose-depends-on,docker-compose.v9.yml
sahool-guardrails-engine,sahool-redis,compose-depends-on,docker-compose.fixed.yml
sahool-guardrails-engine,sahool-redis,compose-depends-on,docker-compose.v9.yml
sahool-indicators-service,sahool-migrate,compose-depends-on,docker-compose.fixed.yml
sahool-indicators-service,sahool-nats,compose-depends-on,docker-compose.fixed.yml
sahool-indicators-service,sahool-postgres,compose-depends-on,docker-compose.fixed.yml
sahool-indicators-service,sahool-redis,compose-depends-on,docker-compose.fixed.yml
sahool-irrigation-reservation-lifecycle-worker,sahool-postgres,compose-depends-on,docker-compose.v9.yml
sahool-local-ai-rag,sahool-ollama,compose-depends-on,docker-compose.fixed.yml
sahool-local-ai-rag,sahool-ollama,compose-depends-on,docker-compose.v9.yml
sahool-local-ai-rag,sahool-qdrant,compose-depends-on,docker-compose.fixed.yml
sahool-local-ai-rag,sahool-qdrant,compose-depends-on,docker-compose.v9.yml
sahool-market-mcp,sahool-postgres,compose-depends-on,docker-compose.fixed.yml
sahool-market-mcp,sahool-postgres,compose-depends-on,docker-compose.v9.yml
sahool-migrate,sahool-postgres,compose-depends-on,docker-compose.fixed.yml
sahool-migrate,sahool-postgres,compose-depends-on,docker-compose.v9.yml
sahool-minio-init,sahool-minio,compose-depends-on,docker-compose.v9.yml
sahool-model-lifecycle-adapter,sahool-decision-service,compose-depends-on,docker-compose.v9.yml
sahool-model-registry-worker,sahool-migrate,compose-depends-on,docker-compose.v9.yml
sahool-model-registry-worker,sahool-postgres,compose-depends-on,docker-compose.v9.yml
sahool-nats-exporter,sahool-nats,compose-depends-on,docker-compose.v9.yml
sahool-nginx,sahool-auth,compose-depends-on,docker-compose.fixed.yml
sahool-nginx,sahool-erp-bridge,compose-depends-on,docker-compose.fixed.yml
sahool-nginx,sahool-frontend,compose-depends-on,docker-compose.fixed.yml
sahool-nginx,sahool-guardrails-engine,compose-depends-on,docker-compose.fixed.yml
sahool-nginx,sahool-indicators-service,compose-depends-on,docker-compose.fixed.yml
sahool-nginx,sahool-local-ai-rag,compose-depends-on,docker-compose.fixed.yml
sahool-nginx,sahool-market-mcp,compose-depends-on,docker-compose.fixed.yml
sahool-nginx,sahool-notification-agent,compose-depends-on,docker-compose.fixed.yml
sahool-nginx,sahool-supervisor-agent,compose-depends-on,docker-compose.fixed.yml
sahool-nginx,sahool-vegetation-analysis,compose-depends-on,docker-compose.fixed.yml
sahool-nginx,sahool-weather-service,compose-depends-on,docker-compose.fixed.yml
sahool-notification-agent,sahool-migrate,compose-depends-on,docker-compose.fixed.yml
sahool-notification-agent,sahool-nats,compose-depends-on,docker-compose.fixed.yml
sahool-notification-agent,sahool-nats,compose-depends-on,docker-compose.v9.yml
sahool-notification-agent,sahool-postgres,compose-depends-on,docker-compose.fixed.yml
sahool-notification-agent,sahool-postgres,compose-depends-on,docker-compose.v9.yml
sahool-notification-agent,sahool-redis,compose-depends-on,docker-compose.fixed.yml
sahool-notification-agent,sahool-redis,compose-depends-on,docker-compose.v9.yml
sahool-notification-agent,sahool-tts-service,compose-depends-on,docker-compose.v9.yml
sahool-odoo,sahool-migrate,compose-depends-on,docker-compose.v9.yml
sahool-odoo,sahool-postgres,compose-depends-on,docker-compose.fixed.yml
sahool-odoo,sahool-postgres,compose-depends-on,docker-compose.v9.yml
sahool-pg-exporter,sahool-postgres,compose-depends-on,docker-compose.v9.yml
sahool-phase-runtime-outbox-worker,sahool-migrate,compose-depends-on,docker-compose.v9.yml
sahool-phase-runtime-outbox-worker,sahool-postgres,compose-depends-on,docker-compose.v9.yml
sahool-plugin-runtime-worker,sahool-migrate,compose-depends-on,docker-compose.v9.yml
sahool-plugin-runtime-worker,sahool-postgres,compose-depends-on,docker-compose.v9.yml
sahool-qdrant-seed,sahool-ollama,compose-depends-on,docker-compose.fixed.yml
sahool-qdrant-seed,sahool-ollama,compose-depends-on,docker-compose.v9.yml
sahool-qdrant-seed,sahool-qdrant,compose-depends-on,docker-compose.fixed.yml
sahool-qdrant-seed,sahool-qdrant,compose-depends-on,docker-compose.v9.yml
sahool-rag-retrieval,sahool-ollama,compose-depends-on,docker-compose.v9.yml
sahool-rag-retrieval,sahool-qdrant,compose-depends-on,docker-compose.rag-kg-mcp.yml
sahool-rag-retrieval,sahool-qdrant,compose-depends-on,docker-compose.v9.yml
sahool-raster,production-preflight,compose-depends-on,docker-compose.production.yml
sahool-raster-backfill-scan-worker,sahool-migrate,compose-depends-on,docker-compose.v9.yml
sahool-raster-backfill-scan-worker,sahool-postgres,compose-depends-on,docker-compose.v9.yml
sahool-raster-cache-invalidation-worker,sahool-migrate,compose-depends-on,docker-compose.v9.yml
sahool-raster-cache-invalidation-worker,sahool-postgres,compose-depends-on,docker-compose.v9.yml
sahool-raster-service,raster-tiler-service,compose-depends-on,docker-compose.v9.yml
sahool-raster-service,sahool-migrate,compose-depends-on,docker-compose.fixed.yml
sahool-raster-service,sahool-postgres,compose-depends-on,docker-compose.fixed.yml
sahool-raster-service,sahool-redis,compose-depends-on,docker-compose.fixed.yml
sahool-remote-sensing-workspace-bff,sahool-indicators-service,compose-depends-on,docker-compose.v9.yml
sahool-remote-sensing-workspace-bff,sahool-vegetation-analysis,compose-depends-on,docker-compose.v9.yml
sahool-reservation-dispatch-relay-worker,sahool-nats,compose-depends-on,docker-compose.v9.yml
sahool-scout-ingest,sahool-migrate,compose-depends-on,docker-compose.v9.yml
sahool-scout-ingest,sahool-postgres,compose-depends-on,docker-compose.v9.yml
sahool-scout-ingest-projection,sahool-migrate,compose-depends-on,docker-compose.v9.yml
sahool-scout-ingest-projection,sahool-postgres,compose-depends-on,docker-compose.v9.yml
sahool-soil-service,sahool-migrate,compose-depends-on,docker-compose.v9.yml
sahool-soil-service,sahool-postgres,compose-depends-on,docker-compose.v9.yml
sahool-supervisor-agent,sahool-auth,compose-depends-on,docker-compose.fixed.yml
sahool-supervisor-agent,sahool-auth,compose-depends-on,docker-compose.v9.yml
sahool-telegram-bot,sahool-migrate,compose-depends-on,docker-compose.fixed.yml
sahool-telegram-bot,sahool-nats,compose-depends-on,docker-compose.fixed.yml
sahool-telegram-bot,sahool-nats,compose-depends-on,docker-compose.v9.yml
sahool-telegram-bot,sahool-postgres,compose-depends-on,docker-compose.fixed.yml
sahool-telegram-bot,sahool-postgres,compose-depends-on,docker-compose.v9.yml
sahool-telegram-bot,sahool-redis,compose-depends-on,docker-compose.fixed.yml
sahool-telegram-bot,sahool-redis,compose-depends-on,docker-compose.v9.yml
sahool-tts-service,sahool-redis,compose-depends-on,docker-compose.v9.yml
sahool-unified-odoo,postgis,compose-depends-on,docker-compose.unified.yml
sahool-vegetation-analysis,sahool-nats,compose-depends-on,docker-compose.fixed.yml
sahool-video-processor,sahool-edge,compose-depends-on,docker-compose.v9.gpu.yml
sahool-video-processor,sahool-edge,compose-depends-on,docker-compose.v9.yml
sahool-video-processor,sahool-fastbee,compose-depends-on,docker-compose.v9.yml
sahool-video-processor,sahool-redis,compose-depends-on,docker-compose.v9.yml
sahool-video-processor,sahool-zlmediakit,compose-depends-on,docker-compose.v9.gpu.yml
sahool-video-processor,sahool-zlmediakit,compose-depends-on,docker-compose.v9.yml
sahool-water-ledger-worker,sahool-migrate,compose-depends-on,docker-compose.v9.yml
sahool-water-ledger-worker,sahool-postgres,compose-depends-on,docker-compose.v9.yml
sahool-weather-polygon-worker,sahool-migrate,compose-depends-on,docker-compose.v9.yml
sahool-weather-polygon-worker,sahool-nats,compose-depends-on,docker-compose.v9.yml
sahool-weather-polygon-worker,sahool-postgres,compose-depends-on,docker-compose.v9.yml
sahool-weather-service,sahool-nats,compose-depends-on,docker-compose.fixed.yml
sahool-weather-service,sahool-nats,compose-depends-on,docker-compose.v9.yml
sahool-weather-service,sahool-redis,compose-depends-on,docker-compose.v9.yml
sahool-weather-signal-engine,sahool-migrate,compose-depends-on,docker-compose.v9.yml
sahool-weather-signal-engine,sahool-postgres,compose-depends-on,docker-compose.v9.yml
sahool-zlmediakit,sahool-zlmediakit-config,compose-depends-on,docker-compose.v9.yml
supervisor-agent,guardrails,code-reference,services/supervisor-agent/main.py
supervisor-agent,guardrails,compose-depends-on,docker-compose.light.yml
supervisor-agent,guardrails,compose-depends-on,docker-compose.unified.yml
supervisor-agent,local-ai-rag,code-reference,services/supervisor-agent/skills/advisory_skill.py
supervisor-agent,market-mcp,compose-depends-on,docker-compose.light.yml
supervisor-agent,market-mcp,compose-depends-on,docker-compose.unified.yml
supervisor-agent,platform,code-reference,services/supervisor-agent/main.py
supervisor-agent,platform,code-reference,services/supervisor-agent/skills/crop_model_skill.py
supervisor-agent,redis,compose-depends-on,docker-compose.light.yml
supervisor-agent,redis,compose-depends-on,docker-compose.unified.yml
supervisor-agent,sentinel-hub-mcp,compose-depends-on,docker-compose.light.yml
supervisor-agent,sentinel-hub-mcp,compose-depends-on,docker-compose.unified.yml
supervisor-agent,weather-mcp,compose-depends-on,docker-compose.light.yml
supervisor-agent,weather-mcp,compose-depends-on,docker-compose.unified.yml
supervisor-agent,wofost-mcp,compose-depends-on,docker-compose.light.yml
supervisor-agent,wofost-mcp,compose-depends-on,docker-compose.unified.yml
telegram-bot,redis,compose-depends-on,docker-compose.light.yml
telegram-bot,redis,compose-depends-on,docker-compose.unified.yml
telegram-bot,supervisor-agent,compose-depends-on,docker-compose.light.yml
telegram-bot,supervisor-agent,compose-depends-on,docker-compose.unified.yml
tts-service,redis,code-reference,services/tts-service/main.py
vegetation-analysis-service,decision-service,code-reference,services/vegetation-analysis-service/decision_bridge.py
vegetation-analysis-service,decision-service,code-reference,services/vegetation-analysis-service/vegetation_runtime.py
vegetation-analysis-service,indicators-service,code-reference,services/vegetation-analysis-service/routers/anomalies.py
vegetation-analysis-service,indicators-service,code-reference,services/vegetation-analysis-service/routers/baselines.py
vegetation-analysis-service,indicators-service,code-reference,services/vegetation-analysis-service/vegetation_runtime.py
vegetation-analysis-service,production-preflight,compose-depends-on,docker-compose.production.yml
vegetation-analysis-service,raster-service,code-reference,services/vegetation-analysis-service/main.py
vegetation-analysis-service,raster-service,code-reference,services/vegetation-analysis-service/post_execution_bridge.py
vegetation-analysis-service,raster-service,code-reference,services/vegetation-analysis-service/routers/health.py
vegetation-analysis-service,raster-service,code-reference,services/vegetation-analysis-service/vegetation_runtime.py
video-processor,edge-inference,code-reference,services/video-processor/main.py
video-processor,edge-inference,compose-depends-on,docker-compose.light.yml
video-processor,edge-inference,compose-depends-on,docker-compose.unified.yml
video-processor,fastbee,compose-depends-on,docker-compose.light.yml
video-processor,fastbee,compose-depends-on,docker-compose.unified.yml
video-processor,redis,code-reference,services/video-processor/main.py
video-processor,redis,compose-depends-on,docker-compose.light.yml
video-processor,redis,compose-depends-on,docker-compose.unified.yml
weather-service,redis,code-reference,services/weather-service/cache.py
