capability_id,title,domain,parity_classification,decision_id,decision,priority,decision_source,reason,next_gate,approved
DEC-001,Decision evidence,decision,Unassessed,D-005,BUILD/LEAD,P0,approved_phase3_decision,"Governed evidence, approval and execution receipts are a potential differentiator rather than a parity feature.",Decision SoR live database cutover and runtime evidence on one immutable SHA.,True
DEC-002,Decision candidate,decision,Unassessed,,UNASSESSED,UNASSESSED,competitor_evidence_missing,"No direct, canonical competitor baseline exists for this capability.",Collect official direct-comparison evidence before an investment commitment.,False
DEC-003,Human approval,decision,Unassessed,D-005,BUILD/LEAD,P0,approved_phase3_decision,"Governed evidence, approval and execution receipts are a potential differentiator rather than a parity feature.",Decision SoR live database cutover and runtime evidence on one immutable SHA.,True
DEC-004,Execution request,decision,Unassessed,,UNASSESSED,UNASSESSED,competitor_evidence_missing,"No direct, canonical competitor baseline exists for this capability.",Collect official direct-comparison evidence before an investment commitment.,False
DEC-005,Dispatch authorization,decision,Unassessed,,UNASSESSED,UNASSESSED,competitor_evidence_missing,"No direct, canonical competitor baseline exists for this capability.",Collect official direct-comparison evidence before an investment commitment.,False
DEC-006,Execution receipt,decision,Unassessed,D-005,BUILD/LEAD,P0,approved_phase3_decision,"Governed evidence, approval and execution receipts are a potential differentiator rather than a parity feature.",Decision SoR live database cutover and runtime evidence on one immutable SHA.,True
DEC-007,Outcome recording,decision,Unassessed,,UNASSESSED,UNASSESSED,competitor_evidence_missing,"No direct, canonical competitor baseline exists for this capability.",Collect official direct-comparison evidence before an investment commitment.,False
DEC-008,Learning attribution,decision,Unassessed,,UNASSESSED,UNASSESSED,competitor_evidence_missing,"No direct, canonical competitor baseline exists for this capability.",Collect official direct-comparison evidence before an investment commitment.,False
DEC-009,Model calibration,decision,Unassessed,,UNASSESSED,UNASSESSED,competitor_evidence_missing,"No direct, canonical competitor baseline exists for this capability.",Collect official direct-comparison evidence before an investment commitment.,False
DEC-010,Model lifecycle and activation,decision,Unassessed,,UNASSESSED,UNASSESSED,competitor_evidence_missing,"No direct, canonical competitor baseline exists for this capability.",Collect official direct-comparison evidence before an investment commitment.,False
FM-001,Tenant and organization management,farm_management,Unassessed,,UNASSESSED,UNASSESSED,competitor_evidence_missing,"No direct, canonical competitor baseline exists for this capability.",Collect official direct-comparison evidence before an investment commitment.,False
FM-002,Farm registry,farm_management,Unassessed,,UNASSESSED,UNASSESSED,competitor_evidence_missing,"No direct, canonical competitor baseline exists for this capability.",Collect official direct-comparison evidence before an investment commitment.,False
FM-003,Field registry and boundaries,farm_management,Unassessed,,UNASSESSED,UNASSESSED,competitor_evidence_missing,"No direct, canonical competitor baseline exists for this capability.",Collect official direct-comparison evidence before an investment commitment.,False
FM-004,Season lifecycle,farm_management,Unassessed,,UNASSESSED,UNASSESSED,competitor_evidence_missing,"No direct, canonical competitor baseline exists for this capability.",Collect official direct-comparison evidence before an investment commitment.,False
FM-005,Crop and cultivar catalog,farm_management,Unassessed,,UNASSESSED,UNASSESSED,competitor_evidence_missing,"No direct, canonical competitor baseline exists for this capability.",Collect official direct-comparison evidence before an investment commitment.,False
FM-006,Farm economics,farm_management,Unassessed,,UNASSESSED,UNASSESSED,competitor_evidence_missing,"No direct, canonical competitor baseline exists for this capability.",Collect official direct-comparison evidence before an investment commitment.,False
FM-007,Inventory and procurement,farm_management,Unassessed,,UNASSESSED,UNASSESSED,competitor_evidence_missing,"No direct, canonical competitor baseline exists for this capability.",Collect official direct-comparison evidence before an investment commitment.,False
FM-008,ERP integration,farm_management,Unassessed,D-007,BUILD CORE + CONNECTORS,P1,approved_phase3_decision,Regional farm economics and ERP linkage are strategic; connector-specific logic should remain modular.,"Canonical posting contract, outbox and idempotency, reconciliation and one production ERP certification.",True
GIS-001,Field geometry validation,gis,Unassessed,,UNASSESSED,UNASSESSED,competitor_evidence_missing,"No direct, canonical competitor baseline exists for this capability.",Collect official direct-comparison evidence before an investment commitment.,False
GIS-002,Map layers,gis,Unassessed,,UNASSESSED,UNASSESSED,competitor_evidence_missing,"No direct, canonical competitor baseline exists for this capability.",Collect official direct-comparison evidence before an investment commitment.,False
GIS-003,Terrain and DEM,gis,Unassessed,,UNASSESSED,UNASSESSED,competitor_evidence_missing,"No direct, canonical competitor baseline exists for this capability.",Collect official direct-comparison evidence before an investment commitment.,False
GIS-004,Spatial analytics,gis,Unassessed,,UNASSESSED,UNASSESSED,competitor_evidence_missing,"No direct, canonical competitor baseline exists for this capability.",Collect official direct-comparison evidence before an investment commitment.,False
INT-001,Public API and SDK,farm_management,Behind,,REVIEW BUILD VS INTEGRATE,P1,gap_policy,"A provisional competitive gap exists, but sourcing requires architecture review.","Record an ADR choosing build, integrate or partner with cost and lock-in evidence.",False
INT-002,Event bus integration,farm_management,Unassessed,,UNASSESSED,UNASSESSED,competitor_evidence_missing,"No direct, canonical competitor baseline exists for this capability.",Collect official direct-comparison evidence before an investment commitment.,False
INT-003,IoT and sensors,irrigation,Unassessed,,UNASSESSED,UNASSESSED,competitor_evidence_missing,"No direct, canonical competitor baseline exists for this capability.",Collect official direct-comparison evidence before an investment commitment.,False
INT-004,External machinery integrations,precision,Behind,,REVIEW BUILD VS INTEGRATE,P1,gap_policy,"A provisional competitive gap exists, but sourcing requires architecture review.","Record an ADR choosing build, integrate or partner with cost and lock-in evidence.",False
IRR-001,Water source registry,irrigation,Unassessed,,UNASSESSED,UNASSESSED,competitor_evidence_missing,"No direct, canonical competitor baseline exists for this capability.",Collect official direct-comparison evidence before an investment commitment.,False
IRR-002,Water quality samples,irrigation,Unassessed,,UNASSESSED,UNASSESSED,competitor_evidence_missing,"No direct, canonical competitor baseline exists for this capability.",Collect official direct-comparison evidence before an investment commitment.,False
IRR-003,Field water-source binding,irrigation,Unassessed,,UNASSESSED,UNASSESSED,competitor_evidence_missing,"No direct, canonical competitor baseline exists for this capability.",Collect official direct-comparison evidence before an investment commitment.,False
IRR-004,Water balance,irrigation,Unassessed,,UNASSESSED,UNASSESSED,competitor_evidence_missing,"No direct, canonical competitor baseline exists for this capability.",Collect official direct-comparison evidence before an investment commitment.,False
IRR-005,Irrigation recommendation,irrigation,Leader,,BUILD/LEAD,P2,parity_policy,Preserve the provisional lead while preventing evidence drift.,Add runtime and production evidence before claiming certification.,False
IRR-006,Irrigation scheduling,irrigation,Unassessed,,UNASSESSED,UNASSESSED,competitor_evidence_missing,"No direct, canonical competitor baseline exists for this capability.",Collect official direct-comparison evidence before an investment commitment.,False
IRR-007,Pump and valve control,irrigation,Unassessed,,UNASSESSED,UNASSESSED,competitor_evidence_missing,"No direct, canonical competitor baseline exists for this capability.",Collect official direct-comparison evidence before an investment commitment.,False
IRR-008,Execution verification,irrigation,Unassessed,,UNASSESSED,UNASSESSED,competitor_evidence_missing,"No direct, canonical competitor baseline exists for this capability.",Collect official direct-comparison evidence before an investment commitment.,False
IRR-009,Water suitability multi-hazard,irrigation,Unassessed,D-004,BUILD,P0/P1,approved_phase3_decision,"This is regionally strategic for wells, salinity and Yemen conditions and cannot be delegated to a generic platform.","H5.1 field-water binding, H5.2 canonical chemistry profile, then governed H5.3 policy.",True
IRR-010,Leaching and drainage safety,irrigation,Unassessed,,UNASSESSED,UNASSESSED,competitor_evidence_missing,"No direct, canonical competitor baseline exists for this capability.",Collect official direct-comparison evidence before an investment commitment.,False
OPS-001,Task management,operations,Unassessed,,UNASSESSED,UNASSESSED,competitor_evidence_missing,"No direct, canonical competitor baseline exists for this capability.",Collect official direct-comparison evidence before an investment commitment.,False
OPS-002,Work orders,operations,Unassessed,,UNASSESSED,UNASSESSED,competitor_evidence_missing,"No direct, canonical competitor baseline exists for this capability.",Collect official direct-comparison evidence before an investment commitment.,False
OPS-003,Scouting,operations,Behind,,REVIEW BUILD VS INTEGRATE,P1,gap_policy,"A provisional competitive gap exists, but sourcing requires architecture review.","Record an ADR choosing build, integrate or partner with cost and lock-in evidence.",False
OPS-004,Field forms,operations,Unassessed,,UNASSESSED,UNASSESSED,competitor_evidence_missing,"No direct, canonical competitor baseline exists for this capability.",Collect official direct-comparison evidence before an investment commitment.,False
OPS-005,Offline mobile,operations,Behind,,REVIEW BUILD VS INTEGRATE,P1,gap_policy,"A provisional competitive gap exists, but sourcing requires architecture review.","Record an ADR choosing build, integrate or partner with cost and lock-in evidence.",False
OPS-006,Equipment registry,operations,Unassessed,,UNASSESSED,UNASSESSED,competitor_evidence_missing,"No direct, canonical competitor baseline exists for this capability.",Collect official direct-comparison evidence before an investment commitment.,False
OPS-007,Maintenance,operations,Unassessed,,UNASSESSED,UNASSESSED,competitor_evidence_missing,"No direct, canonical competitor baseline exists for this capability.",Collect official direct-comparison evidence before an investment commitment.,False
OPS-008,Workforce and worker identity,operations,Unassessed,,UNASSESSED,UNASSESSED,competitor_evidence_missing,"No direct, canonical competitor baseline exists for this capability.",Collect official direct-comparison evidence before an investment commitment.,False
PA-001,Management zones,precision,Parity,,MAINTAIN,P2,parity_policy,The capability is at provisional evidence-linked parity.,Close runtime evidence and regression coverage gaps.,False
PA-002,Variable rate prescription,precision,Parity,,MAINTAIN,P2,parity_policy,The capability is at provisional evidence-linked parity.,Close runtime evidence and regression coverage gaps.,False
PA-003,Yield map ingestion,precision,Missing,D-002,BUILD CORE + INTEGRATE FORMATS,P1,approved_phase3_decision,Yield data is essential for agronomic learning and competitive parity; the canonical ingestion and lineage layer must be owned.,"Import contract, field matching, unit normalization, deduplication and quality diagnostics.",True
PA-004,As-applied data,precision,Behind,D-003,BUILD AFTER MACHINE IMPORT,P1,approved_phase3_decision,"SAHOOL already has irrigation execution truth, but fertilizer, seed and spray reconciliation depends on machine-data ingestion.",Cross-operation planned-vs-applied schema with geospatial coverage and exceptions.,True
PA-005,Machine telemetry,precision,Behind,D-001,PARTNER/INTEGRATE,P1,approved_phase3_decision,"Protocols, hardware and vendor ecosystems are mature externally; SAHOOL should own the canonical operation model, not rebuild every connector.",ISOXML fixture import plus one vendor-neutral adapter and a John Deere/Trimble partnership assessment.,True
SAT-001,Satellite scene search,satellite,Unassessed,,UNASSESSED,UNASSESSED,competitor_evidence_missing,"No direct, canonical competitor baseline exists for this capability.",Collect official direct-comparison evidence before an investment commitment.,False
SAT-002,True color imagery,satellite,Unassessed,,UNASSESSED,UNASSESSED,competitor_evidence_missing,"No direct, canonical competitor baseline exists for this capability.",Collect official direct-comparison evidence before an investment commitment.,False
SAT-003,NDVI,satellite,Leader,D-006,BUILD THIN / INTEGRATE DATA,P2,approved_phase3_decision,SAHOOL should retain domain workflows and provenance while consuming public imagery providers rather than owning satellites.,"Maintain CDSE-first history, provider failover and measured performance and quality gates.",True
SAT-004,NDMI,satellite,Unassessed,,UNASSESSED,UNASSESSED,competitor_evidence_missing,"No direct, canonical competitor baseline exists for this capability.",Collect official direct-comparison evidence before an investment commitment.,False
SAT-005,Cloud screening,satellite,Unassessed,,UNASSESSED,UNASSESSED,competitor_evidence_missing,"No direct, canonical competitor baseline exists for this capability.",Collect official direct-comparison evidence before an investment commitment.,False
SAT-006,Historical imagery timeline,satellite,Unassessed,D-006,BUILD THIN / INTEGRATE DATA,P2,approved_phase3_decision,SAHOOL should retain domain workflows and provenance while consuming public imagery providers rather than owning satellites.,"Maintain CDSE-first history, provider failover and measured performance and quality gates.",True
SAT-007,Change detection,satellite,Unassessed,,UNASSESSED,UNASSESSED,competitor_evidence_missing,"No direct, canonical competitor baseline exists for this capability.",Collect official direct-comparison evidence before an investment commitment.,False
SAT-008,Stress zones,satellite,Unassessed,,UNASSESSED,UNASSESSED,competitor_evidence_missing,"No direct, canonical competitor baseline exists for this capability.",Collect official direct-comparison evidence before an investment commitment.,False
SAT-009,COG persistence and tiling,satellite,Unassessed,,UNASSESSED,UNASSESSED,competitor_evidence_missing,"No direct, canonical competitor baseline exists for this capability.",Collect official direct-comparison evidence before an investment commitment.,False
SEC-001,Tenant RLS,security,Unassessed,,UNASSESSED,UNASSESSED,competitor_evidence_missing,"No direct, canonical competitor baseline exists for this capability.",Collect official direct-comparison evidence before an investment commitment.,False
SEC-002,Signed tenant assertion,security,Unassessed,,UNASSESSED,UNASSESSED,competitor_evidence_missing,"No direct, canonical competitor baseline exists for this capability.",Collect official direct-comparison evidence before an investment commitment.,False
SEC-003,Worker identity binding,security,Unassessed,,UNASSESSED,UNASSESSED,competitor_evidence_missing,"No direct, canonical competitor baseline exists for this capability.",Collect official direct-comparison evidence before an investment commitment.,False
SEC-004,MFA,security,Unassessed,,UNASSESSED,UNASSESSED,competitor_evidence_missing,"No direct, canonical competitor baseline exists for this capability.",Collect official direct-comparison evidence before an investment commitment.,False
SEC-005,Audit logging,security,Unassessed,,UNASSESSED,UNASSESSED,competitor_evidence_missing,"No direct, canonical competitor baseline exists for this capability.",Collect official direct-comparison evidence before an investment commitment.,False
SEC-006,Service token guard,security,Unassessed,,UNASSESSED,UNASSESSED,competitor_evidence_missing,"No direct, canonical competitor baseline exists for this capability.",Collect official direct-comparison evidence before an investment commitment.,False
SEC-007,Decision SoR DB ownership,security,Unassessed,,UNASSESSED,UNASSESSED,competitor_evidence_missing,"No direct, canonical competitor baseline exists for this capability.",Collect official direct-comparison evidence before an investment commitment.,False
SEC-008,Secrets and production fail-closed,security,Unassessed,,UNASSESSED,UNASSESSED,competitor_evidence_missing,"No direct, canonical competitor baseline exists for this capability.",Collect official direct-comparison evidence before an investment commitment.,False
SOIL-001,Soil profile,soil,Unassessed,,UNASSESSED,UNASSESSED,competitor_evidence_missing,"No direct, canonical competitor baseline exists for this capability.",Collect official direct-comparison evidence before an investment commitment.,False
SOIL-002,Soil sampling,soil,Leader,,BUILD/LEAD,P2,parity_policy,Preserve the provisional lead while preventing evidence drift.,Add runtime and production evidence before claiming certification.,False
SOIL-003,Laboratory results,soil,Unassessed,,UNASSESSED,UNASSESSED,competitor_evidence_missing,"No direct, canonical competitor baseline exists for this capability.",Collect official direct-comparison evidence before an investment commitment.,False
SOIL-004,pH EC SOM nutrients,soil,Unassessed,,UNASSESSED,UNASSESSED,competitor_evidence_missing,"No direct, canonical competitor baseline exists for this capability.",Collect official direct-comparison evidence before an investment commitment.,False
SOIL-005,Soil water properties,soil,Behind,,REVIEW BUILD VS INTEGRATE,P1,gap_policy,"A provisional competitive gap exists, but sourcing requires architecture review.","Record an ADR choosing build, integrate or partner with cost and lock-in evidence.",False
WX-001,Current weather,weather,Unassessed,,UNASSESSED,UNASSESSED,competitor_evidence_missing,"No direct, canonical competitor baseline exists for this capability.",Collect official direct-comparison evidence before an investment commitment.,False
WX-002,Weather forecast,weather,Unassessed,,UNASSESSED,UNASSESSED,competitor_evidence_missing,"No direct, canonical competitor baseline exists for this capability.",Collect official direct-comparison evidence before an investment commitment.,False
WX-003,Weather history,weather,Unassessed,,UNASSESSED,UNASSESSED,competitor_evidence_missing,"No direct, canonical competitor baseline exists for this capability.",Collect official direct-comparison evidence before an investment commitment.,False
WX-004,ET0,weather,Unassessed,,UNASSESSED,UNASSESSED,competitor_evidence_missing,"No direct, canonical competitor baseline exists for this capability.",Collect official direct-comparison evidence before an investment commitment.,False
WX-005,VPD,weather,Unassessed,,UNASSESSED,UNASSESSED,competitor_evidence_missing,"No direct, canonical competitor baseline exists for this capability.",Collect official direct-comparison evidence before an investment commitment.,False
WX-006,GDD,weather,Unassessed,,UNASSESSED,UNASSESSED,competitor_evidence_missing,"No direct, canonical competitor baseline exists for this capability.",Collect official direct-comparison evidence before an investment commitment.,False
WX-007,Frost and heat risk,weather,Behind,,REVIEW BUILD VS INTEGRATE,P1,gap_policy,"A provisional competitive gap exists, but sourcing requires architecture review.","Record an ADR choosing build, integrate or partner with cost and lock-in evidence.",False
WX-008,Operation windows,weather,Unassessed,,UNASSESSED,UNASSESSED,competitor_evidence_missing,"No direct, canonical competitor baseline exists for this capability.",Collect official direct-comparison evidence before an investment commitment.,False
WX-009,Disease weather models,weather,Behind,,REVIEW BUILD VS INTEGRATE,P1,gap_policy,"A provisional competitive gap exists, but sourcing requires architecture review.","Record an ADR choosing build, integrate or partner with cost and lock-in evidence.",False
WX-010,Weather provenance and quality,weather,Unassessed,,UNASSESSED,UNASSESSED,competitor_evidence_missing,"No direct, canonical competitor baseline exists for this capability.",Collect official direct-comparison evidence before an investment commitment.,False
