table,created_in,manifest_position,has_tenant_id,rls_enabled,rls_forced,policy_count,write_policy_with_check,tenant_rls_gap,code_reader_count,code_writer_count
activities,v35_activities.sql,39,True,False,False,0,False,True,3,1
actuation_killswitch,v133_actuation_killswitch.sql,139,True,True,True,1,True,False,1,0
actuator_command_dedup,v81_actuator_command_dedup.sql,86,True,True,True,1,True,False,1,1
actuator_command_outbox,v118_phase9_autonomous_farm_os.sql,124,True,True,True,1,False,False,0,1
admin_boundaries,v200_admin_boundaries.sql,205,False,False,False,0,False,False,1,1
admin_boundaries_source,v200_admin_boundaries.sql,205,False,False,False,0,False,False,1,1
agent_authority_envelopes,v111_phase11_federated_agent_runtime.sql,117,True,True,True,1,True,False,0,1
agent_conflict_resolutions,v111_phase11_federated_agent_runtime.sql,117,True,True,True,1,True,False,0,1
agent_federation_cycles,v120_phase11_federated_agents.sql,126,True,True,True,1,False,False,0,1
agent_proposals,v120_phase11_federated_agents.sql,126,True,True,True,1,False,False,0,1
agent_queries,v9_new_tables.sql,3,True,False,False,0,False,True,0,0
agent_reputation_scores,v111_phase11_federated_agent_runtime.sql,117,True,True,True,1,True,False,0,0
agent_tool_audit,v126_agent_tool_audit.sql,132,True,True,True,1,True,False,0,0
alerts,v36_alerts.sql,40,True,False,False,0,False,True,11,3
approval_workflows,v9_new_tables.sql,3,True,False,False,0,False,True,1,1
as_applied_irrigation_observations,v178_canonical_as_applied_irrigation_truth.sql,183,True,True,True,1,True,False,1,0
as_applied_irrigation_receipts,v178_canonical_as_applied_irrigation_truth.sql,183,True,True,True,1,True,False,1,0
as_applied_irrigation_runs,v178_canonical_as_applied_irrigation_truth.sql,183,True,True,True,1,True,False,1,0
audit_log,v9_auth_improvements.sql,2,False,True,True,2,True,False,0,2
automation_rules,v20_automation_tables.sql,24,True,False,False,0,False,True,1,1
autonomous_event_store,v107_phase9_10_event_drift_hardening.sql,113,True,True,True,1,True,False,0,0
autonomous_execution_plan,v118_phase9_autonomous_farm_os.sql,124,True,True,True,1,False,False,0,1
autonomous_recommendations,v116_enterprise_gis_phase7.sql,122,True,True,True,1,True,False,0,0
backfill_run_items,v144_backfill_runs.sql,149,True,True,True,1,True,False,3,4
backfill_runs,v144_backfill_runs.sql,149,True,True,True,1,True,False,3,3
boundary_extraction_jobs,v115_precision_agriculture_phase6.sql,121,True,True,True,1,True,False,0,0
break_glass_grants,v90_break_glass.sql,95,False,True,True,1,True,False,1,1
calibration_audit,v84_calibration_audit.sql,89,True,True,True,1,True,False,1,1
calibration_evidence,v86_calibration_evidence_trigger.sql,91,True,True,True,1,True,False,0,0
calibration_override,v80_calibration_override.sql,85,True,True,True,1,True,False,1,1
canonical_as_applied_irrigation_truths,v178_canonical_as_applied_irrigation_truth.sql,183,True,True,True,1,True,False,0,1
canonical_controller_capabilities,v176_controller_edge_adapter_framework.sql,181,True,False,False,0,False,True,0,0
canonical_energy_capabilities,v174_energy_agricultural_microgrid_capability.sql,179,True,False,False,0,False,True,0,0
canonical_hydraulic_capabilities,v171_pump_hydraulic_network_capability.sql,176,True,False,False,0,False,True,1,0
canonical_irrigation_capability_graphs,v175_unified_irrigation_capability_graph.sql,180,True,False,False,0,False,True,1,0
canonical_irrigation_machine_capabilities,v172_irrigation_machine_capability.sql,177,True,False,False,0,False,True,0,0
canonical_nutrient_ledgers,v226_canonical_nutrient_ledger.sql,223,True,True,True,1,True,False,1,1
canonical_phenology_states,v224_canonical_phenology_state.sql,221,True,True,True,1,True,False,1,2
canonical_projection_requests,v227_decision_learning_runtime.sql,224,True,True,True,1,True,False,1,1
canonical_root_zone_profiles,v169_canonical_root_zone_hydraulic_profile.sql,174,True,True,True,1,True,False,0,1
canonical_salinity_states,v225_canonical_salinity_state.sql,222,True,True,True,1,True,False,1,1
canonical_sprinkler_runoff_capabilities,v173_sprinkler_runoff_capability.sql,178,True,False,False,0,False,True,0,0
canonical_well_capabilities,v170_water_source_well_digital_twin.sql,175,True,False,False,0,False,True,0,0
command_verification_loop,v107_phase9_10_event_drift_hardening.sql,113,True,True,True,1,True,False,0,0
commands,v10_command_store_lifecycle.sql,12,True,True,False,1,False,True,3,1
connector_registry,v121_marketplace_ecosystem.sql,127,False,True,True,1,True,False,0,0
crop_kc_timeseries,v76_crop_kc_timeseries.sql,81,True,True,True,1,True,False,1,1
crop_root_policies,v169_canonical_root_zone_hydraulic_profile.sql,174,True,True,True,1,True,False,1,0
crop_rotations,v26_master_data.sql,30,True,False,False,0,False,True,1,1
crop_stages,init_v8.sql,0,True,True,False,0,False,True,0,0
crop_stress_events,v153_crop_stress_memory_store.sql,158,True,True,True,1,True,False,1,1
crop_stress_memory_snapshots,v153_crop_stress_memory_store.sql,158,True,True,True,1,True,False,0,1
custody_chain_events,v65_harvest_traceability.sql,70,True,True,True,1,False,False,1,1
decision_learning_runs,v227_decision_learning_runtime.sql,224,True,False,False,0,False,True,1,1
decision_policies,v69_decision_policies.sql,74,True,False,False,0,False,True,1,1
decision_record,v78_decision_record.sql,83,True,True,True,1,True,False,17,17
device_commands_log,v20_automation_tables.sql,24,True,False,False,0,False,True,1,1
device_telemetry,v24_iot_devices.sql,28,True,False,False,0,False,True,2,1
digital_twin_scenarios,v116_enterprise_gis_phase7.sql,122,True,True,True,1,True,False,0,0
dispatch_decisions,v66_dispatch_decisions.sql,71,True,False,False,0,False,True,6,4
distributed_raster_jobs,v116_enterprise_gis_phase7.sql,122,True,True,True,1,True,False,0,0
documents,v29_documents.sql,33,True,False,False,0,False,True,2,1
drone_missions,init_v8.sql,0,True,True,False,0,False,True,0,0
edge_results,v9_new_tables.sql,3,True,False,False,0,False,True,0,1
equipment,v23_equipment.sql,27,True,False,False,0,False,True,3,1
equipment_maintenance,v23_equipment.sql,27,True,False,False,0,False,True,2,1
equipment_telemetry_frames,v109_phase9_iot_execution_adapters.sql,115,True,True,True,1,True,False,0,0
erp_reconciliation_ledger,v210_erp_reconciliation_ledger.sql,214,True,True,True,1,True,False,1,1
event_outbox,v11_events_bus.sql,14,False,True,True,1,True,False,2,2
events,v11_events_bus.sql,14,True,True,False,1,False,True,8,2
evidence_graph_edges,v149_evidence_graph_nodes_edges.sql,154,True,True,True,1,True,False,1,1
evidence_graph_nodes,v149_evidence_graph_nodes_edges.sql,154,True,True,True,1,True,False,1,1
execution_ledger,v68_execution_ledger.sql,73,True,False,False,0,False,True,4,1
execution_verification_event,v118_phase9_autonomous_farm_os.sql,124,True,True,True,1,False,False,0,1
experiment_evaluations,v119_phase10_continuous_learning.sql,125,True,True,True,1,False,False,0,0
external_field_observations,v199_external_field_observations.sql,204,True,True,True,1,True,False,2,2
external_ingest_sources,v198_external_ingest_sources.sql,203,True,True,True,1,True,False,1,1
external_submissions,v197_external_submissions_ingest.sql,202,True,True,True,1,True,False,3,3
farm_business_units,v100_farm_operations_ledger.sql,105,True,True,True,1,True,False,0,0
farm_digital_twin_snapshots,v115_precision_agriculture_phase6.sql,121,True,True,True,1,True,False,0,0
farm_energy_records,v100_farm_operations_ledger.sql,105,True,True,True,1,True,False,1,1
farm_equipment_records,v100_farm_operations_ledger.sql,105,True,True,True,1,True,False,1,1
farm_indirect_cost_pools,v101_farm_budget_costing.sql,106,True,True,True,1,True,False,0,0
farm_input_records,v100_farm_operations_ledger.sql,105,True,True,True,1,True,False,1,1
farm_labor_records,v100_farm_operations_ledger.sql,105,True,True,True,1,True,False,1,1
farm_ledger_economic_snapshots,v102_farm_closed_loop.sql,107,True,True,True,1,True,False,0,0
farm_ledger_entries,v211_simple_farm_book.sql,215,True,True,True,1,True,False,1,1
farm_ledger_erp_projection_outbox,v102_farm_closed_loop.sql,107,True,True,True,1,True,False,1,0
farm_ledger_inventory_projections,v102_farm_closed_loop.sql,107,True,True,True,1,True,False,0,0
farm_ledger_parties,v211_simple_farm_book.sql,215,True,True,True,1,True,False,1,1
farm_operation_ledger,v100_farm_operations_ledger.sql,105,True,True,True,1,True,False,1,1
farm_production_units,v100_farm_operations_ledger.sql,105,True,True,True,1,True,False,1,0
farm_revenue_records,v101_farm_budget_costing.sql,106,True,True,True,1,True,False,1,1
farm_season_budget_lines,v101_farm_budget_costing.sql,106,True,True,True,1,True,False,1,1
farm_season_projects,v100_farm_operations_ledger.sql,105,True,True,True,1,True,False,3,0
farm_water_records,v100_farm_operations_ledger.sql,105,True,True,True,1,True,False,1,1
farms,v19_farms.sql,23,True,False,False,0,False,True,6,1
feature_definitions_runtime,v108_phase10_feature_store_model_registry_runtime.sql,114,True,True,True,1,True,False,0,1
feature_lineage_registry,v107_phase9_10_event_drift_hardening.sql,113,True,True,True,1,True,False,0,0
feature_set_specs,v119_phase10_continuous_learning.sql,125,True,True,True,1,False,False,0,1
feature_set_versions_runtime,v108_phase10_feature_store_model_registry_runtime.sql,114,True,True,True,1,True,False,0,1
federated_policy_experiments,v120_phase11_federated_agents.sql,126,True,True,True,1,False,False,0,0
field_boundaries,init_v8.sql,0,True,True,False,0,False,True,4,1
field_boundary_graph,v58_field_boundary_quality.sql,63,True,False,False,0,False,True,1,1
field_evidence_snapshots,v148_field_evidence_snapshots.sql,153,True,True,True,1,True,False,1,1
field_feature_store_candidate,v118_phase9_autonomous_farm_os.sql,124,True,True,True,1,False,False,0,1
field_form_assignments,v204_field_forms.sql,209,True,True,True,1,True,False,1,1
field_form_definitions,v204_field_forms.sql,209,True,True,True,1,True,False,1,1
field_form_versions,v204_field_forms.sql,209,True,True,True,1,True,False,1,1
field_geometry_history,v96_spatial_geometry_integrity.sql,101,True,True,True,1,True,False,1,1
field_geometry_versions,v105_enterprise_imagery_best_practices.sql,110,True,True,True,1,True,False,0,1
field_indicators,init_v8.sql,0,True,True,False,0,False,True,1,0
field_irrigation_source_assignments,v214_field_irrigation_source_assignments.sql,218,True,True,True,1,True,False,1,0
field_lifecycle,v10_command_store_lifecycle.sql,12,True,True,False,1,False,True,5,1
field_lifecycle_transitions,v10_command_store_lifecycle.sql,12,False,True,True,1,True,False,2,1
field_state,v104_fields_create_contract.sql,109,True,True,True,2,True,False,2,2
field_state_snapshots,v60_event_snapshots.sql,65,True,False,False,0,False,True,1,1
field_submissions,v204_field_forms.sql,209,True,True,True,1,True,False,1,1
field_tasks,v9_new_tables.sql,3,True,False,False,0,False,True,5,2
field_weather_overlay,v74_weather_intelligence.sql,79,True,False,False,0,False,True,1,1
fields,v9_foundation.sql,1,True,False,False,0,False,True,47,5
geometry_editing_sessions,v114_cloud_native_gis_best_practices.sql,120,True,True,True,1,True,False,1,1
geometry_locks,v114_cloud_native_gis_best_practices.sql,120,True,True,True,1,True,False,1,1
gis_collaboration_events,v116_enterprise_gis_phase7.sql,122,True,True,True,1,True,False,0,0
gis_collaboration_sessions,v116_enterprise_gis_phase7.sql,122,True,True,True,1,True,False,0,0
global_gis_release_gate,v117_global_scale_phase8.sql,123,True,True,True,1,False,False,0,0
global_gis_topology,v117_global_scale_phase8.sql,123,True,True,True,1,False,False,0,0
governed_model_promotion_candidates,v227_decision_learning_runtime.sql,224,True,False,False,0,False,True,0,1
guardrails_log,v9_new_tables.sql,3,True,False,False,0,False,True,0,0
harvest_lots,v65_harvest_traceability.sql,70,True,True,True,1,False,False,1,1
historical_weather_daily,v209_historical_weather_sor.sql,213,True,True,True,1,True,False,2,1
hourly_energy_envelopes,v174_energy_agricultural_microgrid_capability.sql,179,True,False,False,0,False,True,0,0
hourly_irrigation_mpc_actions,v179_hourly_energy_aware_irrigation_mpc.sql,184,True,True,True,1,True,False,0,1
hourly_irrigation_mpc_schedules,v179_hourly_energy_aware_irrigation_mpc.sql,184,True,True,True,1,True,False,0,2
hydraulic_capacity_evaluations,v195_irrigation_capacity_reservation_core.sql,200,True,False,False,0,False,True,0,1
if,v58_field_boundary_quality.sql,63,False,False,False,0,False,False,0,0
imagery_automation_fields,v9_automation_persistence.sql,7,True,False,False,0,False,True,7,1
inventory_batches,v22_inventory.sql,26,True,False,False,0,False,True,2,1
inventory_items,v22_inventory.sql,26,True,False,False,0,False,True,1,1
invitations,v89_invitations.sql,94,True,True,True,1,True,False,1,1
iot_command_dispatch,v109_phase9_iot_execution_adapters.sql,115,True,True,True,2,True,False,0,1
iot_devices,v24_iot_devices.sql,28,True,False,False,0,False,True,6,1
irrigation_battery_systems,v174_energy_agricultural_microgrid_capability.sql,179,True,False,False,0,False,True,0,0
irrigation_capability_graph_edges,v175_unified_irrigation_capability_graph.sql,180,True,False,False,0,False,True,0,0
irrigation_capability_graph_nodes,v175_unified_irrigation_capability_graph.sql,180,True,False,False,0,False,True,0,0
irrigation_closed_loop_records,v181_irrigation_closed_loop_learning_production_certification.sql,186,True,False,False,0,False,True,1,1
irrigation_commissioning_certificates_v2,v186_irrx1_digital_commissioning_runtime.sql,191,True,False,False,0,False,True,1,1
irrigation_commissioning_certifications,v177_irrigation_commissioning_certification.sql,182,True,False,False,0,False,True,0,0
irrigation_commissioning_evidence,v177_irrigation_commissioning_certification.sql,182,True,False,False,0,False,True,0,0
irrigation_commissioning_tests_v2,v186_irrx1_digital_commissioning_runtime.sql,191,True,False,False,0,False,True,0,0
irrigation_controller_command_requests,v176_controller_edge_adapter_framework.sql,181,True,False,False,0,False,True,0,0
irrigation_controller_handshakes,v176_controller_edge_adapter_framework.sql,181,True,False,False,0,False,True,0,0
irrigation_controller_telemetry,v176_controller_edge_adapter_framework.sql,181,True,False,False,0,False,True,0,0
irrigation_controllers,v168_irrigation_engineering_foundation.sql,173,True,False,False,0,False,True,0,0
irrigation_energy_loads,v174_energy_agricultural_microgrid_capability.sql,179,True,False,False,0,False,True,0,0
irrigation_energy_systems,v168_irrigation_engineering_foundation.sql,173,True,False,False,0,False,True,0,0
irrigation_engineering_calculations,v185_vendor_neutral_irrigation_engineering_workspace.sql,190,True,True,True,1,True,False,0,0
irrigation_executability_gates,v177_irrigation_commissioning_certification.sql,182,True,False,False,0,False,True,1,0
irrigation_execution_authorizations_v2,v186_irrx1_digital_commissioning_runtime.sql,191,True,False,False,0,False,True,0,0
irrigation_generators,v174_energy_agricultural_microgrid_capability.sql,179,True,False,False,0,False,True,0,0
irrigation_grid_connections,v174_energy_agricultural_microgrid_capability.sql,179,True,False,False,0,False,True,0,0
irrigation_hybrid_inverters,v174_energy_agricultural_microgrid_capability.sql,179,True,False,False,0,False,True,0,0
irrigation_hydraulic_nodes,v171_pump_hydraulic_network_capability.sql,176,True,False,False,0,False,True,2,0
irrigation_hydraulic_segments,v171_pump_hydraulic_network_capability.sql,176,True,False,False,0,False,True,1,0
irrigation_learning_proposals,v181_irrigation_closed_loop_learning_production_certification.sql,186,True,False,False,0,False,True,0,1
irrigation_machine_spans,v172_irrigation_machine_capability.sql,177,True,False,False,0,False,True,0,0
irrigation_machines,v168_irrigation_engineering_foundation.sql,173,True,False,False,0,False,True,0,0
irrigation_mainlines,v168_irrigation_engineering_foundation.sql,173,True,False,False,0,False,True,0,0
irrigation_manual_execution_events,v187_irrx1_manual_execution_lifecycle.sql,192,True,True,True,1,True,False,0,1
irrigation_manual_execution_sources,v190_irrx1_authoritative_recommendation_provenance_lock.sql,195,True,True,True,1,True,False,1,1
irrigation_manual_executions,v187_irrx1_manual_execution_lifecycle.sql,192,True,True,True,1,True,False,1,1
irrigation_manual_ledger_reconciliations,v188_irrx1_verified_manual_as_applied_ledger_bridge.sql,193,True,True,True,1,True,False,1,1
irrigation_outcome_evidence,v181_irrigation_closed_loop_learning_production_certification.sql,186,True,False,False,0,False,True,0,1
irrigation_production_certifications,v181_irrigation_closed_loop_learning_production_certification.sql,186,True,False,False,0,False,True,0,0
irrigation_projects,v168_irrigation_engineering_foundation.sql,173,True,False,False,0,False,True,0,0
irrigation_pump_curve_points,v171_pump_hydraulic_network_capability.sql,176,True,False,False,0,False,True,0,0
irrigation_pumps,v168_irrigation_engineering_foundation.sql,173,True,False,False,0,False,True,0,0
irrigation_pv_arrays,v174_energy_agricultural_microgrid_capability.sql,179,True,False,False,0,False,True,0,0
irrigation_resource_reservation_events,v195_irrigation_capacity_reservation_core.sql,200,True,False,False,0,False,True,0,1
irrigation_resource_reservations,v195_irrigation_capacity_reservation_core.sql,200,True,False,False,0,False,True,3,1
irrigation_runs,v136_irrigation_runs.sql,142,True,True,True,1,True,False,3,1
irrigation_schedules,v25_irrigation.sql,29,True,False,False,0,False,True,5,1
irrigation_sprinkler_packages,v173_sprinkler_runoff_capability.sql,178,True,False,False,0,False,True,0,0
irrigation_sprinkler_zones,v173_sprinkler_runoff_capability.sql,178,True,False,False,0,False,True,0,0
irrigation_system_specifications,v185_vendor_neutral_irrigation_engineering_workspace.sql,190,True,True,True,1,True,False,0,0
irrigation_target_bindings,v196_irrigation_target_binding.sql,201,True,True,True,1,True,False,1,0
irrigation_valves,v25_irrigation.sql,29,True,False,False,0,False,True,3,1
irrigation_water_allocations,v170_water_source_well_digital_twin.sql,175,True,False,False,0,False,True,0,0
irrigation_water_ledger_reconciliations,v184_irrigation_closed_loop_runtime_reconciliation.sql,189,True,True,True,1,True,False,1,1
irrigation_water_profiles,v161_soil_p1_products.sql,166,True,False,False,0,False,True,0,1
irrigation_water_quality_samples,v170_water_source_well_digital_twin.sql,175,True,False,False,0,False,True,1,0
irrigation_water_samples,v161_soil_p1_products.sql,166,True,False,False,0,False,True,0,1
irrigation_water_sources,v168_irrigation_engineering_foundation.sql,173,True,False,False,0,False,True,1,0
irrigation_well_measurements,v170_water_source_well_digital_twin.sql,175,True,False,False,0,False,True,0,0
irrigation_well_pumping_tests,v170_water_source_well_digital_twin.sql,175,True,False,False,0,False,True,0,0
irrigation_wells,v168_irrigation_engineering_foundation.sql,173,True,False,False,0,False,True,0,0
lab_sample_custody_events,v156_durable_soil_lab_workflow.sql,161,True,True,True,0,False,False,0,1
lab_samples,v156_durable_soil_lab_workflow.sql,161,True,True,True,0,False,False,1,1
learning_drift_reports,v107_phase9_10_event_drift_hardening.sql,113,True,True,True,1,True,False,0,0
lifecycle_temporal_rejections,v9_lifecycle_occurred_at.sql,13,True,True,True,1,False,False,0,1
lineage_link,v82_lineage_link.sql,87,True,True,True,1,True,False,1,1
machine_control_profiles,v216_machinery_export.sql,220,True,True,True,1,True,False,1,0
machinery_export_artifacts,v216_machinery_export.sql,220,True,True,True,1,True,False,1,1
management_zone_sets,v115_precision_agriculture_phase6.sql,121,True,True,True,1,True,False,0,0
management_zones,v14_imagery_storage.sql,17,True,True,False,1,False,True,0,0
market_sales_listings,v9_market.sql,5,True,False,False,0,False,True,1,1
marketplace_apps,v121_marketplace_ecosystem.sql,127,False,True,True,1,True,False,1,1
marketplace_installations,v121_marketplace_ecosystem.sql,127,True,True,True,0,False,False,0,1
marketplace_plugin_execution_runs,v110_phase12_plugin_sandbox_runtime.sql,116,True,True,True,2,True,False,0,0
marketplace_plugin_output_validations,v110_phase12_plugin_sandbox_runtime.sql,116,True,True,True,1,True,False,0,0
marketplace_plugin_quota_ledger,v110_phase12_plugin_sandbox_runtime.sql,116,True,True,True,1,True,False,0,0
marketplace_plugin_runtime_events,v110_phase12_plugin_sandbox_runtime.sql,116,True,True,True,2,True,False,0,0
master_data,v26_master_data.sql,30,True,False,False,0,False,True,1,1
mfa_audit_events,v128_mfa_hardening.sql,134,True,True,True,2,True,False,0,1
mfa_recovery_codes,v128_mfa_hardening.sql,134,True,True,True,2,True,False,2,2
mobile_sync_clients,v112_mobile_offline_sync_runtime.sql,118,True,True,True,1,True,False,0,0
mobile_sync_conflicts,v112_mobile_offline_sync_runtime.sql,118,True,True,True,1,True,False,0,0
model_experiment_assignment,v118_phase9_autonomous_farm_os.sql,124,True,True,True,1,False,False,0,0
model_lifecycle_decisions,v119_phase10_continuous_learning.sql,125,True,True,True,1,False,False,0,1
model_promotion_history_runtime,v108_phase10_feature_store_model_registry_runtime.sql,114,True,True,True,1,True,False,0,1
model_registry_version,v118_phase9_autonomous_farm_os.sql,124,False,False,False,0,False,False,0,1
model_rollback_history_runtime,v108_phase10_feature_store_model_registry_runtime.sql,114,True,True,True,2,True,False,0,1
model_serving_aliases_runtime,v108_phase10_feature_store_model_registry_runtime.sql,114,True,True,True,1,True,False,0,2
model_versions_runtime,v108_phase10_feature_store_model_registry_runtime.sql,114,True,True,True,1,True,False,1,1
ndvi_timeseries,init_v8.sql,0,True,True,False,0,False,True,2,0
nl_gis_audit,v85_nl_gis_audit.sql,90,True,True,True,1,True,False,0,1
notification_delivery,v83_notification_delivery.sql,88,True,True,True,1,True,False,0,1
notification_preferences,v9_foundation.sql,1,True,True,False,1,False,True,2,1
nutrient_evidence_observations,v226_canonical_nutrient_ledger.sql,223,True,True,True,1,True,False,0,1
odoo_sync_log,v9_odoo_bridge.sql,8,False,False,False,0,False,False,1,1
odoo_sync_state,v9_odoo_bridge.sql,8,False,False,False,0,False,False,1,1
offline_dataset_versions_runtime,v108_phase10_feature_store_model_registry_runtime.sql,114,True,True,True,1,True,False,0,1
offline_pending_ops,v92_offline_pending_ops.sql,97,True,True,True,1,True,False,1,1
offline_synced_operations,v15_offline_synced_operations.sql,19,True,False,False,0,False,True,1,1
ogc_conformance_runs,v116_enterprise_gis_phase7.sql,122,True,True,True,1,True,False,0,0
onboarding_responses,v9_onboarding.sql,4,True,True,True,1,False,False,1,1
online_feature_values,v106_phase9_10_runtime_strengthening.sql,112,True,True,True,1,True,False,0,1
online_learning_updates,v119_phase10_continuous_learning.sql,125,True,True,True,1,False,False,0,4
outbox_delivery_attempts,v140_outbox_delivery_attempts.sql,145,True,True,True,1,True,False,0,1
outcome_record,v79_outcome_record.sql,84,True,True,True,1,True,False,11,8
phenology_observations,v224_canonical_phenology_state.sql,221,True,True,True,1,True,False,0,2
plugin_permission_audit,v121_marketplace_ecosystem.sql,127,True,True,True,0,False,False,0,0
point_in_time_snapshots_runtime,v108_phase10_feature_store_model_registry_runtime.sql,114,True,True,True,1,True,False,0,1
prescription_maps,v115_precision_agriculture_phase6.sql,121,True,True,True,1,True,False,0,0
prescriptions,v95_prescriptions.sql,100,True,True,True,2,True,False,1,2
processed_events,v93_processed_events.sql,98,False,False,False,0,False,False,0,1
processing_jobs,init_v8.sql,0,True,True,False,0,False,True,0,0
raster_assets,v14_imagery_storage.sql,17,True,True,False,1,False,True,3,2
raster_batch_jobs,v154_raster_product_identity_batch_leases.sql,159,True,True,True,1,True,False,1,2
raster_cache_invalidations,v96_spatial_geometry_integrity.sql,101,True,True,True,1,True,False,1,2
raster_registry,v114_cloud_native_gis_best_practices.sql,120,True,True,True,1,True,False,1,2
recommendation_feedback,v_ai_recommendation_runtime.sql,111,True,True,True,1,True,False,0,0
recommendation_outcomes,v49_zone_key_recommendation_outcomes.sql,53,True,True,True,2,True,False,8,4
recommendation_reviews,v_ai_recommendation_runtime.sql,111,True,True,True,1,True,False,0,0
recommendations,v77_recommendations.sql,82,True,True,True,1,True,False,2,2
retraining_jobs,v107_phase9_10_event_drift_hardening.sql,113,True,True,True,1,True,False,0,0
review_decisions,v_ai_recommendation_runtime.sql,111,False,True,True,1,True,False,0,0
runtime_event_outbox,v106_phase9_10_runtime_strengthening.sql,112,True,True,True,2,True,False,0,1
salinity_evidence_observations,v225_canonical_salinity_state.sql,222,True,True,True,1,True,False,0,1
scenario_runs,v119_phase10_continuous_learning.sql,125,True,True,True,1,False,False,0,1
scouting_pins,v94_scouting_pins.sql,99,True,True,True,2,True,False,1,1
season_cost_items,v201_season_records.sql,206,True,False,False,0,False,True,2,2
season_crop,v201_season_records.sql,206,True,False,False,0,False,True,3,2
season_events,v201_season_records.sql,206,True,False,False,0,False,True,4,2
season_harvest,v201_season_records.sql,206,True,False,False,0,False,True,4,2
season_record_links,v207_historical_season_simulation_bridge.sql,211,True,False,False,0,False,True,2,1
season_records,v201_season_records.sql,206,True,False,False,0,False,True,4,2
season_simulation_runs,v207_historical_season_simulation_bridge.sql,211,True,False,False,0,False,True,1,1
seasons,v32_seasons.sql,36,True,False,False,0,False,True,22,2
settings,v28_settings.sql,32,True,False,False,0,False,True,5,1
sharing_keys,v12_trueup_sharing.sql,15,True,True,False,1,False,True,1,1
signal_anomalies,v191_rs_signal_anomalies_store.sql,196,True,True,True,1,True,False,2,2
soil_analog_products,v163_soil_p3_assessment_products.sql,168,True,False,False,0,False,True,0,0
soil_bare_composites,v162_soil_p2_spatial_products.sql,167,True,False,False,0,False,True,0,0
soil_drainage_assessments,v163_soil_p3_assessment_products.sql,168,True,False,False,0,False,True,0,0
soil_execution_records,v164_soil_p4_closed_loop.sql,169,True,False,False,0,False,True,0,0
soil_field_validations,v165_soil_p5_validation_calibration_certification.sql,170,True,False,False,0,False,True,0,0
soil_hydraulic_profiles,v161_soil_p1_products.sql,166,True,False,False,0,False,True,0,1
soil_lab_results,v156_durable_soil_lab_workflow.sql,161,True,True,True,0,False,False,1,1
soil_lab_tests,v50_soil_lab_tests.sql,54,True,True,True,1,False,False,9,1
soil_learning_attributions,v164_soil_p4_closed_loop.sql,169,True,False,False,0,False,True,0,0
soil_learning_datasets,v165_soil_p5_validation_calibration_certification.sql,170,True,False,False,0,False,True,0,0
soil_observation_supersessions,v159_soil_observation_supersession_current_pointer.sql,164,True,True,True,0,False,False,1,1
soil_observations,v155_soil_observations_profiles.sql,160,True,True,True,0,False,False,2,1
soil_outcome_records,v164_soil_p4_closed_loop.sql,169,True,False,False,0,False,True,0,0
soil_production_certifications,v165_soil_p5_validation_calibration_certification.sql,170,True,False,False,0,False,True,0,0
soil_profile_current,v159_soil_observation_supersession_current_pointer.sql,164,True,True,True,0,False,False,2,1
soil_profile_projection_jobs,v157_soil_projection_jobs_reconciliation.sql,162,True,True,True,0,False,False,0,1
soil_profile_snapshots,v155_soil_observations_profiles.sql,160,True,True,True,0,False,False,1,1
soil_readings,init_v8.sql,0,True,True,False,0,False,True,0,1
soil_reclamation_assessments,v163_soil_p3_assessment_products.sql,168,True,False,False,0,False,True,0,0
soil_reclamation_economics,v163_soil_p3_assessment_products.sql,168,True,False,False,0,False,True,0,0
soil_reconciliation_checkpoints,v157_soil_projection_jobs_reconciliation.sql,162,True,True,True,0,False,False,0,0
soil_regional_calibrations,v165_soil_p5_validation_calibration_certification.sql,170,True,False,False,0,False,True,0,0
soil_runtime_certification_evidence,v166_soil_p6_runtime_certification.sql,171,True,True,True,0,False,False,0,0
soil_runtime_certification_runs,v166_soil_p6_runtime_certification.sql,171,True,True,True,0,False,False,0,0
soil_salinity_products,v162_soil_p2_spatial_products.sql,167,True,False,False,0,False,True,0,0
soil_sampling_plans,v161_soil_p1_products.sql,166,True,False,False,0,False,True,0,1
soil_spatial_products,v161_soil_p1_products.sql,166,True,False,False,0,False,True,0,1
soil_terrain_products,v162_soil_p2_spatial_products.sql,167,True,False,False,0,False,True,0,0
soil_texture_products,v162_soil_p2_spatial_products.sql,167,True,False,False,0,False,True,0,0
soil_verification_records,v164_soil_p4_closed_loop.sql,169,True,False,False,0,False,True,0,0
soil_visual_observations,v163_soil_p3_assessment_products.sql,168,True,False,False,0,False,True,0,0
stac_item_registry,v114_cloud_native_gis_best_practices.sql,120,True,True,True,1,True,False,1,1
tenant_ai_policies,v124_tenant_ai_policies.sql,130,True,True,True,1,True,False,1,0
training_datasets,v119_phase10_continuous_learning.sql,125,True,True,True,1,False,False,0,1
trueup_calibrations,v12_trueup_sharing.sql,15,True,True,False,1,False,True,2,1
usage_metering_records,v121_marketplace_ecosystem.sql,127,True,True,True,0,False,False,0,1
users,v9_foundation.sql,1,True,True,False,2,True,True,9,10
vri_as_applied_variances,v180_governed_vri_prescription.sql,185,True,True,True,1,True,False,0,0
vri_machine_translation_artifacts,v180_governed_vri_prescription.sql,185,True,True,True,1,True,False,0,0
vri_prescription_zones,v180_governed_vri_prescription.sql,185,True,True,True,1,True,False,0,0
vri_prescriptions,v180_governed_vri_prescription.sql,185,True,True,True,1,True,False,0,0
water_lab_result_sets,v156_durable_soil_lab_workflow.sql,161,True,True,True,0,False,False,1,1
water_ledger,v98_water_ledger.sql,103,True,True,True,1,True,False,12,5
weather_alerts,v74_weather_intelligence.sql,79,True,False,False,0,False,True,0,0
weather_automation_cache,v9_automation_persistence.sql,7,False,True,True,1,True,False,3,1
weather_automation_locations,v9_automation_persistence.sql,7,False,True,True,1,True,False,3,1
weather_forecasts,v74_weather_intelligence.sql,79,False,False,False,0,False,False,1,0
weather_grid,v74_weather_intelligence.sql,79,False,False,False,0,False,False,1,0
weather_observations,init_v8.sql,0,True,True,False,0,False,True,0,0
weather_signals,v74_weather_intelligence.sql,79,True,False,False,0,False,True,5,2
webhook_deliveries,v121_marketplace_ecosystem.sql,127,True,True,True,0,False,False,0,0
webhook_subscriptions,v121_marketplace_ecosystem.sql,127,True,True,True,0,False,False,0,1
wofost_seasons,init_v8.sql,0,True,True,False,0,False,True,0,0
work_orders,v75_work_orders.sql,80,True,True,True,1,True,False,0,1
workflow_state,v16_workflow_state.sql,20,True,True,True,1,False,False,1,1
workflow_states,v9_odoo_bridge.sql,8,False,False,False,0,False,False,0,0
workflow_transitions,v9_odoo_bridge.sql,8,False,False,False,0,False,False,0,0
yield_map_ingestions,v215_yield_map_ingestion.sql,219,True,True,True,1,True,False,1,2
yield_map_records,v215_yield_map_ingestion.sql,219,True,True,True,1,True,False,2,2
yield_stability_maps,v115_precision_agriculture_phase6.sql,121,True,True,True,1,True,False,0,0
zonal_stats,v14_imagery_storage.sql,17,True,True,False,1,False,True,2,0
